uniqSubId,vocabulary_score,spelling_score
Arizona_01/16/2013_11:27:14_MK,0.6,0.670732
Arizona_10/22/2012_11:00:46_VA,0.725,0.756098
Arizona_10/22/2012_13:00:36_DM,0.65,0.841463
Arizona_10/25/2012_09:53:32_JA,0.7,0.890244
Arizona_10/25/2012_12:08:59_LW,0.575,0.621951
Arizona_10/29/2012_10:02:29_KS,0.65,0.817073
Arizona_10/29/2012_12:31:54_EJN,0.7,0.963415
Arizona_10/31/2012_09:54:50_JA,0.675,0.695122
Arizona_10/31/2012_11:02:13_LP,0.625,0.585366
Arizona_11/05/2012_09:56:07_MC,0.7,0.780488
Arizona_11/05/2012_12:47:56_JB,0.65,0.621951
Arizona_11/07/2012_10:02:08_JR,0.425,0.597561
Arizona_11/07/2012_11:57:22_WF,0.7,0.731707
Arizona_11/14/2012_10:11:22_HL,0.525,0.658537
Arizona_11/14/2012_11:18:11_EP,0.75,0.853659
Arizona_11/16/2012_09:58:05_TR,0.625,0.768293
Arizona_11/16/2012_11:20:02_ECS,0.75,0.853659
Arizona_11/26/2012_10:09:35_SC,0.85,0.841463
Arizona_11/26/2012_11:21:55_SG,0.7,0.658537
Arizona_11/26/2012_12:22:36_CT,0.525,0.621951
Arizona_11/28/2012_09:59:33_MO,0.45,0.52439
Arizona_12/03/2012_10:03:01_MG,0.6,0.670732
Arizona_12/03/2012_11:03:44_AV,0.75,0.670732
Arizona_12/03/2012_12:44:27_BH,0.725,0.670732
Arizona_12/04/2012_09:50:59_SF,0.725,0.634146
Arizona_12/04/2012_10:51:50_JC,0.65,0.682927
Arizona_12/04/2012_12:27:31_FD,0.5,0.573171
Arizona_12/05/2012_14:46:28_KT,0.575,0.670732
Bristol_02/06/2013_14:13:12_31,0.8,0.817073
Bristol_02/06/2013_14:16:43_32,0.775,0.768293
Bristol_02/06/2013_15:20:54_34,0.825,0.878049
Bristol_02/06/2013_15:23:45_33,0.675,0.585366
Bristol_02/25/2013_13:23:05_36,0.65,0.719512
Bristol_02/27/2013_12:15:58_37,0.7,0.780488
Bristol_02/27/2013_12:16:29_38,0.775,0.780488
Bristol_02/27/2013_13:17:38_35,0.8,0.768293
Bristol_02/27/2013_13:23:21_39,0.875,0.841463
Bristol_02/28/2013_12:11:09_42,0.75,0.817073
Bristol_02/28/2013_12:23:12_40,0.85,0.731707
Bristol_02/28/2013_12:24:46_41,0.825,0.768293
Bristol_02/28/2013_13:17:41_43,0.675,0.743902
Bristol_02/28/2013_13:22:57_44,0.85,0.780488
Bristol_03/04/2013_11:37:20_45,0.725,0.804878
Bristol_03/04/2013_11:44:46_46,0.75,0.792683
Bristol_03/04/2013_11:47:01_47,0.575,0.731707
Bristol_03/04/2013_13:16:43_48,0.8,0.670732
Bristol_03/04/2013_13:21:44_50,0.75,0.719512
Bristol_03/04/2013_13:23:09_49,0.85,0.682927
Bristol_03/04/2013_14:16:52_52,0.7,0.804878
Bristol_03/05/2013_12:38:39_51,0.7,0.890244
Bristol_03/05/2013_13:48:44_53,0.75,0.853659
Bristol_03/05/2013_13:54:24_54,0.825,0.865854
Bristol_03/07/2013_12:25:32_57,0.825,0.817073
Bristol_03/07/2013_12:26:22_56,0.75,0.829268
Bristol_03/07/2013_13:10:29_55,0.775,0.902439
Bristol_03/07/2013_13:17:26_58,0.7,0.853659
Bristol_03/07/2013_13:28:33_59,0.7,0.47561
Bristol_11/07/2012_12:37:37_1,0.875,0.743902
Bristol_11/07/2012_15:22:50_2,0.625,0.841463
Bristol_11/08/2012_14:43:48_3,0.8,0.731707
Bristol_11/12/2012_14:22:49_6,0.675,0.756098
Bristol_11/12/2012_14:28:46_4,0.575,0.634146
Bristol_11/12/2012_14:29:28_5,0.675,0.731707
Bristol_11/13/2012_16:11:43_9,0.75,0.768293
Bristol_11/13/2012_16:21:33_8,0.7,0.829268
Bristol_11/13/2012_16:22:42_7,0.725,0.707317
Bristol_11/19/2012_14:22:18_11,0.45,0.756098
Bristol_11/19/2012_14:31:52_10,0.6,0.695122
Bristol_11/20/2012_16:21:21_12,0.675,0.780488
Bristol_11/20/2012_16:24:47_13,0.7,0.768293
Bristol_11/21/2012_13:39:38_14,0.75,0.780488
Bristol_11/21/2012_13:51:49_16,1.0,0.792683
Bristol_11/21/2012_13:54:18_15,0.65,0.780488
Bristol_11/28/2012_12:11:20_17,0.625,0.719512
Bristol_11/28/2012_13:40:54_18,0.8,0.865854
Bristol_11/28/2012_15:04:07_19,0.7,0.817073
Bristol_12/05/2012_12:08:55_20,0.65,0.841463
Bristol_12/05/2012_14:01:34_22,0.65,0.658537
Bristol_12/05/2012_14:54:21_21,0.625,0.695122
Bristol_12/05/2012_15:00:07_23,0.675,0.853659
Bristol_12/11/2012_11:22:01_26,0.875,0.902439
Bristol_12/11/2012_11:22:53_24,0.85,0.804878
Bristol_12/11/2012_11:26:38_25,0.775,0.719512
Bristol_12/11/2012_16:24:35_28,0.75,0.756098
Bristol_12/11/2012_16:25:38_27,0.85,0.853659
Bristol_12/12/2012_12:19:15_29,0.725,0.670732
Bristol_12/12/2012_12:29:08_30,0.625,0.573171
Colby_01/10/2013_10:50:58_2,0.7,0.829268
Colby_01/16/2013_13:47:45_3,0.8,0.731707
Colby_01/17/2013_14:41:16_4,0.725,0.780488
Colby_01/22/2013_15:34:33_5,0.825,0.756098
Colby_01/24/2013_15:15:53_6,0.65,0.829268
Colby_01/24/2013_16:00:01_7,0.825,0.731707
Colby_02/12/2013_13:38:54_8,0.875,0.731707
Colby_02/12/2013_15:59:03_9,0.775,0.792683
Colby_02/12/2013_16:29:32_10,0.7,0.841463
Colby_02/13/2013_15:24:53_12,0.825,0.817073
Colby_02/13/2013_15:31:35_11,0.875,0.792683
Colby_02/14/2013_11:35:09_13,0.9,0.817073
Colby_02/14/2013_13:53:38_15,0.75,0.731707
Colby_02/14/2013_14:20:06_14,0.8,0.865854
Colby_02/14/2013_15:56:38_16,0.925,0.865854
Colby_02/14/2013_15:59:17_17,0.85,0.841463
Colby_02/19/2013_14:57:50_19,0.775,0.817073
Colby_02/19/2013_15:09:07_20,0.725,0.804878
Colby_02/19/2013_16:18:09_21,0.9,0.865854
Colby_02/20/2013_15:29:41_22,0.7,0.768293
Colby_02/21/2013_11:37:04_18,0.9,0.878049
Colby_02/21/2013_16:47:55_26,0.9,0.768293
Colby_02/21/2013_17:01:06_27,0.725,0.780488
Colby_02/22/2013_12:34:01_25,0.775,0.768293
Colby_02/22/2013_14:23:27_28,0.8,0.780488
Colby_03/20/2013_15:33:05_24,0.775,0.658537
Colby_03/22/2013_15:14:55_23,0.8,0.829268
Colby_11/30/2012_16:28:24_1,0.875,0.682927
MARCS_01/14/2013_14:00:14_tjp2,0.8,0.768293
MARCS_01/15/2013_16:54:38_ar,0.825,0.95122
MARCS_01/21/2013_15:11:43_pa,0.875,0.743902
MARCS_01/29/2013_11:45:15_~,0.725,0.829268
MARCS_01/29/2013_17:13:31_~,0.75,0.902439
MARCS_01/30/2013_10:58:34_~,0.875,0.890244
MARCS_01/30/2013_14:05:56_~,0.875,0.707317
MARCS_01/30/2013_15:18:05_~,0.775,0.719512
MARCS_01/31/2013_11:18:40_~,0.825,0.792683
MARCS_02/05/2013_11:48:50_~,0.775,0.707317
MARCS_02/14/2013_13:58:28_~,0.7,0.621951
MARCS_02/14/2013_14:55:07_~,0.825,0.829268
MARCS_02/27/2013_15:23:29_~,0.75,0.792683
MARCS_03/08/2013_10:49:39_~,0.75,0.853659
MARCS_03/08/2013_12:23:23_~,0.7,0.634146
MARCS_03/08/2013_14:35:05_~,0.725,0.890244
MARCS_03/08/2013_15:57:07_~,0.625,0.804878
MARCS_03/13/2013_10:55:50_~,0.7,0.792683
MARCS_03/13/2013_12:29:51_~,0.75,0.890244
MARCS_03/13/2013_13:46:06_~,0.675,0.646341
MARCS_03/13/2013_14:51:40_~,0.425,0.585366
MARCS_03/13/2013_16:26:31_~,0.725,0.792683
MARCS_03/14/2013_11:37:38_~,0.85,0.865854
MARCS_03/14/2013_13:16:21_~,0.8,0.780488
MARCS_03/14/2013_14:11:41_~,0.975,0.890244
MARCS_03/15/2013_11:55:38_~,0.775,0.853659
MARCS_03/19/2013_13:21:32_~,0.525,0.560976
MARCS_03/20/2013_13:44:09_~,0.55,0.47561
MARCS_03/21/2013_14:55:50_~,0.65,0.682927
MARCS_12/13/2012_16:30:13_~,0.95,0.804878
MARCS_12/17/2012_17:10:17_~,0.8,0.890244
Macquarie_04/05/2013_13:56:02_C.M,0.875,0.853659
Macquarie_04/05/2013_13:59:08_R.C,0.525,0.743902
Macquarie_04/05/2013_14:55:02_A.C,0.775,0.560976
Macquarie_05/17/2012_15:53:29_C.A,0.85,0.817073
Macquarie_05/17/2012_16:03:24_R.S,0.625,0.621951
Macquarie_05/21/2012_09:59:15_K.B,0.675,0.707317
Macquarie_05/21/2012_10:01:46_L.J,0.8,0.792683
Macquarie_05/21/2012_11:16:44_E.C,0.275,0.621951
Macquarie_05/21/2012_11:19:24_D.K,0.85,0.756098
Macquarie_05/21/2012_12:08:11_L.C,0.725,0.768293
Macquarie_05/21/2012_12:13:45_C.K,0.85,0.902439
Macquarie_05/21/2012_14:30:22_T.P,0.55,0.768293
Macquarie_05/21/2012_14:31:26_D.K,0.8,0.792683
Macquarie_05/21/2012_15:41:20_A.N,0.775,0.841463
Macquarie_05/21/2012_15:44:19_A.M,0.625,0.695122
Macquarie_05/21/2012_16:51:31_E.B,0.825,0.780488
Macquarie_05/21/2012_17:05:32_E.H,0.8,0.804878
Macquarie_05/22/2012_09:52:23_C.M,0.825,0.829268
Macquarie_05/22/2012_10:01:37_M.R,0.3,0.54878
Macquarie_05/22/2012_11:00:44_M.F,0.825,0.646341
Macquarie_05/22/2012_11:04:28_A.R,0.875,0.829268
Macquarie_05/22/2012_12:12:17_A.W,0.7,0.804878
Macquarie_05/22/2012_12:20:21_S.J,0.425,0.5
Macquarie_05/22/2012_14:34:53_K.R,0.625,0.634146
Macquarie_05/22/2012_15:47:27_A.N,0.775,0.756098
Macquarie_05/22/2012_16:07:36_A.T,0.725,0.646341
Macquarie_05/22/2012_16:54:10_S.S,0.825,0.804878
Macquarie_05/22/2012_17:55:06_H.J,0.75,0.780488
Macquarie_05/22/2012_17:57:45_A.D,0.625,0.682927
Macquarie_05/25/2012_12:55:46_S.M,0.75,0.804878
Macquarie_05/25/2012_13:03:23_J.N,0.675,0.817073
Macquarie_05/28/2012_09:52:45_S.L,0.85,0.780488
Macquarie_05/28/2012_11:06:05_J.H,0.825,0.731707
Macquarie_05/28/2012_12:22:48_A.J,0.75,0.878049
Macquarie_05/28/2012_12:25:24_S.G,0.775,0.841463
Macquarie_05/29/2012_10:59:49_T.J,0.625,0.768293
Macquarie_05/29/2012_12:16:57_T.O,0.725,0.731707
Macquarie_05/29/2012_14:23:32_R.R,0.575,0.707317
Macquarie_05/29/2012_14:31:14_I.J,0.9,0.731707
Macquarie_05/29/2012_17:02:17_M.G,0.625,0.768293
Macquarie_05/29/2012_17:57:45_M.B,0.8,0.841463
Macquarie_05/31/2012_15:55:04_S.G,0.65,0.829268
Macquarie_05/31/2012_17:12:27_R.C,0.775,0.768293
Macquarie_06/01/2012_12:52:08_~,0.525,0.658537
Macquarie_06/01/2012_12:59:47_E.C,0.675,0.829268
Macquarie_06/04/2012_11:06:32_H.H,0.725,0.536585
Macquarie_06/04/2012_12:03:20_T.N,0.875,0.829268
Macquarie_06/05/2012_09:53:24_I.C,0.75,0.865854
Macquarie_06/05/2012_11:02:14_R.N,0.8,0.853659
Macquarie_06/05/2012_12:14:14_K.C,0.75,0.719512
Macquarie_06/05/2012_14:37:54_K.L,0.725,0.817073
Macquarie_06/05/2012_14:38:25_A.A,0.7,0.695122
Macquarie_06/05/2012_16:54:52_J.M,0.675,0.695122
Macquarie_06/05/2012_18:04:13_F.B,0.725,0.853659
Macquarie_06/08/2012_11:56:35_E.S,0.65,0.597561
Macquarie_06/08/2012_12:18:40_S.H,0.775,0.658537
Macquarie_06/14/2012_10:02:49_E.M,0.75,0.768293
Macquarie_06/14/2012_15:40:00_R.M,0.7,0.804878
Macquarie_06/18/2012_10:59:29_M.K,0.725,0.658537
Macquarie_06/18/2012_12:13:33_T.Y,0.675,0.682927
Macquarie_06/19/2012_09:54:30_A.B,0.775,0.743902
Macquarie_06/19/2012_14:21:54_M.M,0.825,0.768293
Macquarie_06/19/2012_14:30:06_R.T,0.875,0.719512
Macquarie_06/19/2012_17:04:23_Z.T,0.9,0.804878
Macquarie_06/19/2012_18:06:02_E.S,0.9,0.792683
Melbourne_03/08/2013_14:35:13_~,0.8,0.902439
Melbourne_03/30/2012_12:20:23_1,0.7,0.719512
Melbourne_04/03/2012_12:57:29_2,0.625,0.841463
Melbourne_04/17/2012_11:14:00_3,0.725,0.743902
Melbourne_04/17/2012_14:23:34_4,0.675,0.792683
Melbourne_04/17/2012_16:09:56_5,0.9,0.682927
Melbourne_04/17/2012_17:32:56_6,0.525,0.756098
Melbourne_04/19/2012_12:54:06_7,0.875,0.963415
Melbourne_04/19/2012_14:45:06_8,0.625,0.756098
Melbourne_04/19/2012_16:06:49_9,0.725,0.646341
Melbourne_04/24/2012_11:01:15_10,0.625,0.731707
Melbourne_04/24/2012_13:15:49_11,0.775,0.890244
Melbourne_04/24/2012_14:33:26_12,0.65,0.768293
Melbourne_04/24/2012_15:53:29_13,0.825,0.914634
Melbourne_04/24/2012_17:46:45_14,0.725,0.817073
Melbourne_04/26/2012_11:02:44_15,0.85,0.804878
Melbourne_04/26/2012_12:39:48_16,0.675,0.670732
Melbourne_04/26/2012_14:36:24_17,0.75,0.890244
Melbourne_04/26/2012_16:01:36_18,0.725,0.841463
Melbourne_04/26/2012_17:20:10_19,0.775,0.768293
Melbourne_05/01/2012_11:04:52_20,0.7,0.817073
Melbourne_05/01/2012_12:21:14_21,0.825,0.682927
Melbourne_05/01/2012_14:37:06_22,0.725,0.695122
Melbourne_05/01/2012_16:02:08_23,0.8,0.890244
Melbourne_05/01/2012_17:31:00_24,0.525,0.731707
Melbourne_05/03/2012_11:28:38_25,0.7,0.54878
Melbourne_05/03/2012_13:05:28_26,0.75,0.817073
Melbourne_05/03/2012_14:45:54_52,0.725,0.817073
Melbourne_05/03/2012_17:44:17_27,0.8,0.743902
Melbourne_05/04/2012_11:12:14_28,0.925,0.890244
Melbourne_05/04/2012_12:36:06_29,0.925,0.926829
Melbourne_05/04/2012_14:39:00_30,0.85,0.890244
Melbourne_05/04/2012_17:28:50_31,0.65,0.817073
Melbourne_05/08/2012_11:22:33_32,0.625,0.853659
Melbourne_05/08/2012_12:43:56_33,0.8,0.878049
Melbourne_05/08/2012_14:38:09_34,0.675,0.560976
Melbourne_05/08/2012_17:43:14_35,0.825,0.670732
Melbourne_05/10/2012_10:55:50_36,0.575,0.804878
Melbourne_05/10/2012_12:17:56_37,0.75,0.792683
Melbourne_05/10/2012_14:44:47_38,0.7,0.878049
Melbourne_05/10/2012_15:47:48_39,0.7,0.804878
Melbourne_05/10/2012_17:37:18_40,0.85,0.926829
Melbourne_05/11/2012_12:24:29_42,0.575,0.731707
Melbourne_05/11/2012_14:37:06_43,0.75,0.695122
Melbourne_05/11/2012_16:05:16_44,0.775,0.902439
Melbourne_05/15/2012_11:15:21_45,0.9,0.890244
Melbourne_05/15/2012_12:57:59_46,0.775,0.817073
Melbourne_05/15/2012_14:28:24_69,0.475,0.670732
Melbourne_05/17/2012_11:34:26_97,0.8,0.890244
Melbourne_05/17/2012_12:44:55_47,0.8,0.829268
Melbourne_05/17/2012_14:55:59_48,0.7,0.731707
Melbourne_05/17/2012_16:37:11_49,0.6,0.707317
Melbourne_05/18/2012_10:37:18_50,0.775,0.707317
Melbourne_05/18/2012_14:50:27_51,0.7,0.621951
Melbourne_05/18/2012_16:30:02_53,0.725,0.829268
Melbourne_05/22/2012_12:47:49_54,0.75,0.853659
Melbourne_05/22/2012_14:52:08_55,0.85,0.890244
Melbourne_05/22/2012_15:54:45_56,0.8,0.95122
Melbourne_05/22/2012_17:33:27_57,0.775,0.853659
Melbourne_05/24/2012_10:49:53_58,0.65,0.719512
Melbourne_05/24/2012_12:41:52_59,0.675,0.731707
Melbourne_05/24/2012_14:24:28_60,0.8,0.817073
Melbourne_05/24/2012_16:16:54_61,0.6,0.658537
Melbourne_05/24/2012_17:17:10_62,0.8,0.780488
Melbourne_05/25/2012_12:30:08_63,0.6,0.853659
Melbourne_05/25/2012_16:19:11_64,0.625,0.829268
Nebraska_02/12/2013_11:58:07_~,0.75,0.670732
Nebraska_02/12/2013_11:58:43_~,0.675,0.817073
Nebraska_02/12/2013_12:53:06_~,0.85,0.829268
Nebraska_02/12/2013_13:18:59_~,0.45,0.54878
Nebraska_02/14/2013_12:31:19_~,0.75,0.743902
Nebraska_02/15/2013_13:01:26_~,0.7,0.670732
Nebraska_02/19/2013_13:37:11_~,0.525,0.731707
Nebraska_02/26/2013_13:46:34_~,0.65,0.695122
Nebraska_02/26/2013_13:47:30_~,0.575,0.682927
Nebraska_02/28/2013_11:59:09_~,0.75,0.719512
Nebraska_02/28/2013_12:05:44_~,0.475,0.621951
Nebraska_02/28/2013_14:03:39_~,0.85,0.609756
Nebraska_02/28/2013_14:14:30_~,0.6,0.54878
Nebraska_03/01/2013_12:55:55_~,0.65,0.804878
Nebraska_03/01/2013_12:58:57_~,0.7,0.890244
Nebraska_03/01/2013_13:52:29_~,0.35,0.670732
Nebraska_03/05/2013_13:01:36_~,0.75,0.829268
Nebraska_03/08/2013_11:51:09_~,0.825,0.804878
Nebraska_03/08/2013_11:54:44_~,0.55,0.573171
Nebraska_03/08/2013_13:01:16_~,0.65,0.695122
Nebraska_03/08/2013_13:45:17_~,0.7,0.865854
Nebraska_03/08/2013_13:49:31_~,0.55,0.426829
Nebraska_03/12/2013_12:57:52_~,0.775,0.682927
Nebraska_03/13/2013_11:50:33_~,0.725,0.646341
Nebraska_03/14/2013_13:21:30_~,0.875,0.853659
Nebraska_03/14/2013_13:41:27_~,0.675,0.695122
Nebraska_03/15/2013_11:55:27_~,0.675,0.743902
Nebraska_03/15/2013_12:16:29_~,0.6,0.621951
Nebraska_03/26/2013_12:51:57_~,0.725,0.841463
Plymouth_02/04/2013_12:21:30_~,0.85,0.695122
Plymouth_02/05/2013_14:33:51_~,0.7,0.634146
Plymouth_02/05/2013_16:02:32_~,0.675,0.780488
Plymouth_02/05/2013_17:14:48_~,0.725,0.792683
Plymouth_02/06/2013_12:21:47_~,0.775,0.731707
Plymouth_02/06/2013_14:21:17_~,0.9,0.707317
Plymouth_02/06/2013_15:18:12_~,0.85,0.804878
Plymouth_02/06/2013_16:18:53_~,0.675,0.804878
Plymouth_02/06/2013_17:26:18_~,0.725,0.829268
Plymouth_02/07/2013_16:00:23_~,0.625,0.707317
Plymouth_02/07/2013_17:14:07_~,0.825,0.902439
Plymouth_02/08/2013_11:49:43_~,0.9,0.817073
Plymouth_02/08/2013_13:00:57_~,0.6,0.829268
Plymouth_02/08/2013_14:12:08_~,0.775,0.768293
Plymouth_02/08/2013_15:03:06_~,0.65,0.719512
Plymouth_02/08/2013_15:54:17_~,0.875,0.95122
Plymouth_02/14/2013_11:57:13_~,0.65,0.804878
Plymouth_02/14/2013_12:55:33_~,0.775,0.731707
Plymouth_02/14/2013_14:59:05_~,0.925,0.682927
Plymouth_02/14/2013_16:00:52_~,0.55,0.719512
Plymouth_02/15/2013_13:03:10_~,0.625,0.670732
Plymouth_02/15/2013_14:55:28_~,0.675,0.817073
Plymouth_02/15/2013_16:17:08_~,0.525,0.54878
Plymouth_02/21/2013_14:52:59_~,0.775,0.768293
Plymouth_02/21/2013_15:54:20_~,0.675,0.634146
Plymouth_02/21/2013_16:52:22_~,0.7,0.597561
Plymouth_02/22/2013_12:33:53_~,0.725,0.829268
Plymouth_02/22/2013_15:31:20_~,0.675,0.573171
RHUL_04/24/2012_14:56:10_1-1,0.725,0.878049
RHUL_04/24/2012_14:58:23_1-2,0.675,0.792683
RHUL_04/24/2012_16:51:13_1-4,0.75,0.52439
RHUL_04/24/2012_16:52:42_1-5,0.725,0.780488
RHUL_04/24/2012_16:53:11_1-3,0.9,0.719512
RHUL_04/25/2012_13:47:01_1-7,0.925,0.743902
RHUL_04/25/2012_13:55:28_1-6,0.675,0.768293
RHUL_04/25/2012_14:57:19_1-8,0.925,0.878049
RHUL_04/25/2012_16:02:51_1-9,0.825,0.890244
RHUL_04/25/2012_16:58:15_1-10,0.625,0.670732
RHUL_04/27/2012_09:55:28_1-11,0.5,0.634146
RHUL_04/27/2012_11:49:40_1-13,0.825,0.658537
RHUL_04/27/2012_11:51:05_1-14,0.75,0.792683
RHUL_04/27/2012_11:51:07_1-12,0.7,0.768293
RHUL_04/27/2012_13:53:07_1-16,0.775,0.768293
RHUL_04/27/2012_13:54:41_1-15,0.775,0.902439
RHUL_05/04/2012_22:33:04_1-22,0.75,0.841463
RHUL_05/05/2012_00:22:28_1-28,0.65,0.841463
RHUL_05/09/2012_02:11:56_2-5,0.9,0.780488
RHUL_05/09/2012_04:15:02_2-8EC,0.75,0.743902
RHUL_05/11/2012_15:55:14_1-18,0.7,0.780488
RHUL_05/11/2012_15:55:35_1-17,0.725,0.768293
RHUL_05/11/2012_16:57:53_1-19,0.875,0.817073
RHUL_05/11/2012_23:05:57_2-11RE,0.675,0.780488
RHUL_05/12/2012_01:18:51_2-14GB,0.775,0.792683
RHUL_05/12/2012_21:08:14_2-18LD,0.9,0.792683
RHUL_05/13/2012_00:13:37_2-23NS,0.825,0.902439
RHUL_05/14/2012_10:55:12_1-21,0.7,0.780488
RHUL_05/14/2012_11:00:14_1-20,0.7,0.853659
RHUL_05/14/2012_11:55:41_1-24,0.7,0.719512
RHUL_05/14/2012_11:56:09_1-25,0.775,0.902439
RHUL_05/14/2012_12:46:55_1-26,0.675,0.536585
RHUL_05/14/2012_13:03:22_1-27,0.8,0.804878
RHUL_05/14/2012_15:52:15_2-2,0.825,0.756098
RHUL_05/14/2012_15:56:31_2-1,0.825,0.853659
RHUL_05/15/2012_02:13:55_2-27ME,0.825,0.890244
RHUL_05/18/2012_14:53:42_2-4,0.725,0.768293
RHUL_05/18/2012_14:53:57_2-3,0.675,0.695122
RHUL_05/18/2012_16:39:03_2-6TC,0.975,0.804878
RHUL_05/18/2012_16:48:13_2-7RL,0.75,0.804878
RHUL_05/21/2012_00:12:37_3-2LW,0.85,0.743902
RHUL_05/21/2012_10:49:10_2-9MM,0.7,0.853659
RHUL_05/21/2012_11:46:15_2-10EH,0.8,0.878049
RHUL_05/21/2012_11:58:25_2-12KP,0.7,0.743902
RHUL_05/21/2012_12:55:16_2-13MB,0.675,0.768293
RHUL_05/21/2012_14:00:43_2-16CW,0.75,0.768293
RHUL_05/21/2012_14:00:59_2-15JP,0.725,0.743902
RHUL_05/22/2012_09:50:15_2-17ED,0.85,0.829268
RHUL_05/22/2012_10:57:31_2-20AR,0.85,0.865854
RHUL_05/22/2012_10:58:09_2-19AH,0.775,0.756098
RHUL_05/22/2012_11:58:52_2-21AB,0.85,0.743902
RHUL_05/22/2012_11:59:12_2-22HA,0.65,0.634146
RHUL_05/22/2012_13:02:47_2-24LR,0.65,0.780488
RHUL_05/24/2012_14:44:15_2-25LL,0.6,0.817073
RHUL_05/24/2012_14:58:54_2-26MY,0.425,0.621951
RHUL_05/30/2012_12:40:56_2-28CD,0.525,0.573171
RHUL_05/30/2012_12:41:27_3-1HL,0.825,0.902439
RHUL_06/04/2012_21:14:17_3-7AM,0.75,0.853659
RHUL_06/07/2012_12:52:05_3-4ST,0.7,0.780488
RHUL_06/07/2012_12:52:46_3-3SH,0.8,0.902439
RHUL_06/10/2012_02:26:29_3-11SD,0.75,0.658537
RHUL_06/10/2012_03:16:33_3-13LA,0.775,0.853659
RHUL_06/14/2012_09:59:26_3-6AM,0.75,0.695122
RHUL_06/14/2012_10:00:45_3-5JS,0.75,0.804878
RHUL_06/15/2012_10:00:53_3-8MB,0.625,0.743902
RHUL_06/15/2012_11:01:27_3-9GK,0.75,0.890244
RHUL_06/17/2012_01:17:16_3-16NT,0.7,0.865854
RHUL_06/18/2012_15:50:56_3-10IN,0.825,0.804878
RHUL_06/19/2012_15:11:16_3-12MC,0.8,0.817073
RHUL_06/19/2012_16:02:46_3-14RC,0.775,0.804878
RHUL_06/26/2012_13:46:46_3-15JB,0.95,0.768293
RHUL_09/19/2012_04:29:05_3-18,0.775,0.792683
RHUL_09/19/2012_06:16:37_MJ3-21,0.825,0.914634
RHUL_09/19/2012_07:25:58_3-23NC,0.775,0.731707
RHUL_09/21/2012_05:23:51_4-1,0.775,0.804878
RHUL_09/21/2012_06:21:29_4-4,0.75,0.621951
RHUL_09/21/2012_07:22:00_4-8,0.65,0.719512
RHUL_09/21/2012_08:21:59_4-11,0.825,0.878049
RHUL_09/21/2012_09:25:21_4-14,0.65,0.719512
RHUL_10/01/2012_09:55:24_3-17,0.85,0.682927
RHUL_10/01/2012_10:03:43_3-19,0.725,0.707317
RHUL_10/01/2012_11:06:15_3-20,0.675,0.719512
RHUL_10/01/2012_11:55:18_3-22EC,0.775,0.804878
RHUL_10/01/2012_13:00:56_3-24EW,0.725,0.707317
RHUL_10/01/2012_13:06:18_3-26,0.825,0.792683
RHUL_10/03/2012_09:57:45_3-25,0.925,0.926829
RHUL_10/03/2012_09:58:39_3-27,0.8,0.743902
RHUL_10/03/2012_10:51:37_3-28,0.8,0.817073
RHUL_10/03/2012_11:01:21_4-2,0.8,0.841463
RHUL_10/03/2012_11:51:40_4-3,0.725,0.719512
RHUL_10/03/2012_11:51:48_4-5,0.775,0.841463
RHUL_10/03/2012_12:48:15_4-7,0.875,0.914634
RHUL_10/03/2012_12:49:41_4-6,0.825,0.817073
RHUL_10/03/2012_13:49:23_4-10,0.875,0.792683
RHUL_10/03/2012_13:53:53_4-9,0.75,0.780488
RHUL_10/03/2012_14:46:41_4-12,0.625,0.695122
RHUL_10/03/2012_14:48:13_4-13,0.6,0.743902
RHUL_10/03/2012_15:52:09_4-16,0.7,0.804878
RHUL_10/03/2012_15:53:37_4-15,0.825,0.95122
RHUL_10/04/2012_10:50:14_4-17KJ,0.775,0.719512
RHUL_10/04/2012_10:50:25_4-18CW,0.7,0.792683
RHUL_10/04/2012_11:02:43_4-19IS,0.8,0.963415
RHUL_10/04/2012_11:54:04_4-20HS,0.85,0.731707
RHUL_10/04/2012_11:57:29_4-21CG,0.725,0.634146
RHUL_10/04/2012_13:11:21_4-22TC,0.725,0.804878
RHUL_10/04/2012_14:12:41_4-23,0.775,0.829268
RHUL_10/10/2012_14:53:58_4-25,0.9,0.804878
RHUL_10/10/2012_14:56:24_4-24,0.575,0.719512
RHUL_10/10/2012_14:59:30_4-26,0.6,0.731707
RHUL_10/10/2012_15:46:34_4-27,0.85,0.939024
RHUL_10/10/2012_15:48:10_~,0.9,0.756098
RHUL_10/10/2012_15:52:43_Extra-24,0.85,0.914634
RHUL_10/15/2012_15:58:38_5-1,0.6,0.817073
RHUL_10/15/2012_16:58:14_5-7,0.55,0.768293
RHUL_10/15/2012_17:02:03_5-6,0.525,0.597561
RHUL_10/15/2012_17:02:17_5-8,0.625,0.878049
RHUL_10/17/2012_14:48:11_5-2,0.775,0.804878
RHUL_10/17/2012_14:54:39_5-3,0.55,0.707317
RHUL_10/17/2012_15:51:21_5-4,0.575,0.634146
RHUL_10/17/2012_16:15:31_5-5,0.8,0.829268
RHUL_10/17/2012_16:43:57_5-9,0.575,0.756098
RHUL_10/17/2012_17:53:39_5-10,0.725,0.780488
RHUL_10/17/2012_17:59:35_5-11,0.625,0.792683
RHUL_10/22/2012_14:59:42_5-12,0.65,0.743902
RHUL_10/22/2012_15:55:09_5-14,0.65,0.804878
RHUL_10/22/2012_15:58:12_5-15,0.525,0.670732
RHUL_10/22/2012_15:58:19_5-13,0.7,0.865854
RHUL_10/22/2012_16:51:41_5-16,0.85,0.804878
RHUL_10/22/2012_16:52:59_5-17,0.7,0.804878
RHUL_10/22/2012_16:54:02_5-18,0.775,0.780488
RHUL_10/22/2012_18:04:52_5-20,0.775,0.890244
RHUL_10/22/2012_18:06:10_5-19,0.85,0.817073
RHUL_10/22/2012_18:07:51_5-21,0.6,0.634146
RHUL_10/24/2012_13:38:10_~,0.8,0.817073
RHUL_10/24/2012_13:40:36_~,0.7,0.804878
RHUL_10/24/2012_14:47:41_5-25,0.575,0.792683
RHUL_10/24/2012_14:49:09_5-26,0.625,0.682927
RHUL_10/24/2012_15:00:47_5-24,0.725,0.890244
RHUL_10/24/2012_15:57:00_5-28,0.775,0.792683
RHUL_10/24/2012_15:57:36_5-27,0.675,0.682927
RHUL_10/24/2012_16:03:48_6-1,0.7,0.817073
RHUL_10/24/2012_16:54:06_5-11,0.45,0.707317
RHUL_10/24/2012_16:58:23_6-2,0.675,0.780488
RHUL_10/24/2012_18:03:38_6-3,0.675,0.621951
RHUL_10/29/2012_14:53:22_6-4,0.825,0.95122
RHUL_10/29/2012_14:58:30_6-5,0.55,0.670732
RHUL_10/29/2012_15:49:20_6-7,0.65,0.804878
RHUL_10/29/2012_15:50:50_6-8,0.75,0.804878
RHUL_10/29/2012_15:51:30_6-6,0.75,0.768293
RHUL_10/29/2012_16:51:37_6-9,0.7,0.756098
RHUL_10/29/2012_17:57:15_6-11,0.7,0.609756
RHUL_10/29/2012_17:59:08_6-10,0.75,0.621951
RHUL_10/31/2012_13:42:47_6-12,0.825,0.646341
RHUL_10/31/2012_13:47:03_6-13,0.825,0.768293
RHUL_10/31/2012_14:06:55_6-14,0.75,0.817073
RHUL_10/31/2012_14:46:06_6-16,0.825,0.768293
RHUL_10/31/2012_14:49:15_6-15,0.8,0.646341
RHUL_10/31/2012_15:04:16_6-17,0.9,0.841463
RHUL_10/31/2012_15:43:46_6-18,0.775,0.756098
RHUL_10/31/2012_15:55:50_6-19,0.75,0.682927
RHUL_10/31/2012_17:01:50_6-21,0.65,0.670732
RHUL_10/31/2012_17:05:06_6-20,0.625,0.804878
RHUL_11/12/2012_14:51:21_6-22,0.65,0.792683
RHUL_11/12/2012_15:53:13_6-23,0.7,0.865854
RHUL_11/12/2012_15:53:45_6-24,0.825,0.634146
RHUL_11/12/2012_15:58:48_6-25,0.675,0.658537
RHUL_11/12/2012_16:56:27_6-27,0.6,0.682927
RHUL_11/12/2012_16:58:05_6-26,0.775,0.756098
RHUL_11/14/2012_13:51:20_6-28,0.7,0.829268
RHUL_11/14/2012_14:54:58_7-1,0.7,0.707317
RHUL_11/14/2012_14:57:03_7-2,0.65,0.841463
RHUL_11/14/2012_15:55:09_7-4,0.75,0.634146
RHUL_11/14/2012_15:57:29_7-3,0.65,0.890244
RHUL_11/14/2012_16:10:27_7-5,0.775,0.634146
RHUL_11/14/2012_16:46:07_7-6,0.775,0.865854
RHUL_11/14/2012_17:58:13_7-7,0.725,0.609756
RHUL_11/19/2012_14:46:08_7-8,0.675,0.926829
RHUL_11/19/2012_14:57:16_7-9,0.575,0.780488
RHUL_11/19/2012_15:55:57_7-10,0.625,0.817073
RHUL_11/21/2012_14:45:05_7-11,0.8,0.890244
RHUL_11/21/2012_14:48:32_7-12,0.725,0.707317
RHUL_11/21/2012_14:51:09_7-13,0.7,0.902439
RHUL_11/21/2012_15:47:53_7-14,0.8,0.792683
RHUL_11/21/2012_15:51:51_7-15,0.65,0.719512
RHUL_11/21/2012_15:52:36_7-16,0.8,0.756098
RHUL_11/21/2012_16:48:30_7-18,0.675,0.792683
RHUL_11/21/2012_16:55:36_7-17,0.55,0.695122
RHUL_11/21/2012_16:59:33_7-19,0.7,0.817073
RHUL_11/26/2012_14:55:43_7-21,0.7,0.841463
RHUL_11/26/2012_15:04:33_7-20,0.65,0.658537
RHUL_11/26/2012_16:00:22_7-22,0.725,0.695122
RHUL_11/26/2012_16:57:17_7-23,0.575,0.719512
RHUL_11/28/2012_14:52:57_7-24,0.625,0.682927
RHUL_11/28/2012_15:01:06_7-25,0.675,0.768293
RHUL_11/28/2012_16:01:25_7-26,0.6,0.682927
RHUL_11/28/2012_16:04:30_7-27,0.75,0.695122
RHUL_11/28/2012_16:53:23_7-28,0.675,0.780488
RHUL_12/03/2012_14:56:58_8-1,0.825,0.634146
RHUL_12/03/2012_15:52:11_8-3,0.775,0.768293
RHUL_12/03/2012_16:42:32_8-5,0.725,0.792683
RHUL_12/03/2012_16:44:28_8-4,0.825,0.902439
RHUL_12/03/2012_16:46:30_8-2,0.675,0.719512
RHUL_12/05/2012_14:44:04_2a-26,0.775,0.792683
RHUL_12/05/2012_14:48:34_1a-11,0.825,0.780488
RHUL_12/05/2012_15:51:43_5a-4,0.775,0.829268
RHUL_12/05/2012_16:44:34_5a-21,0.8,0.890244
RHUL_12/10/2012_14:57:03_8-6,0.675,0.695122
RHUL_12/10/2012_15:00:04_8-7,0.725,0.780488
RHUL_12/10/2012_15:01:02_6a-19,0.4,0.585366
RHUL_12/10/2012_15:47:39_7A-15,0.65,0.780488
RHUL_12/10/2012_15:51:37_1A-23,0.825,0.853659
RHUL_12/10/2012_16:49:55_8-8,0.6,0.829268
RHUL_12/10/2012_16:56:31_8-9,0.7,0.707317
RHUL_12/12/2012_14:44:30_8-11,0.625,0.902439
RHUL_12/12/2012_14:48:38_8-10,0.675,0.804878
RHUL_12/12/2012_15:55:22_8-12,0.575,0.792683
RHUL_12/12/2012_16:52:49_8-13,0.75,0.756098
Singapore_03/08/2012_12:29:31_1,0.825,0.926829
Singapore_03/08/2012_12:29:36_2,0.8,0.939024
Singapore_03/08/2012_13:22:24_4,0.725,0.817073
Singapore_03/08/2012_13:22:40_3,0.7,0.902439
Singapore_03/08/2012_13:32:26_5,0.825,0.829268
Singapore_03/16/2012_12:02:20_6,0.9,0.658537
Singapore_03/16/2012_12:03:30_7,0.8,0.878049
Singapore_03/16/2012_12:05:27_8,0.8,0.890244
Singapore_03/16/2012_13:12:41_11,0.8,0.792683
Singapore_03/16/2012_13:15:07_9,0.8,0.865854
Singapore_03/16/2012_14:30:04_10,0.75,0.804878
Singapore_03/16/2012_14:32:30_13,0.825,0.865854
Singapore_03/16/2012_14:35:12_12,0.825,0.853659
Singapore_03/16/2012_15:39:03_15,0.85,0.902439
Singapore_03/16/2012_15:39:51_14,0.675,0.634146
Singapore_03/16/2012_15:42:44_16,0.85,0.914634
Singapore_03/23/2012_11:49:23_18,0.775,0.756098
Singapore_03/23/2012_11:51:38_17,0.675,0.780488
Singapore_03/23/2012_12:06:09_19,0.775,0.804878
Singapore_03/23/2012_12:54:52_20,0.625,0.792683
Singapore_03/23/2012_13:34:25_21,0.7,0.878049
Singapore_03/23/2012_14:17:24_22,0.725,0.560976
Singapore_03/23/2012_14:26:56_23,0.8,0.878049
Singapore_03/23/2012_14:29:03_24,0.525,0.707317
Singapore_03/23/2012_15:36:32_26,0.675,0.804878
Singapore_03/23/2012_15:38:28_25,0.775,0.792683
Singapore_03/23/2012_15:39:47_27,0.725,0.841463
Singapore_03/26/2012_17:11:30_28,0.775,0.914634
Skidmore_02/26/2013_21:50:04_20502,0.875,0.768293
Skidmore_02/27/2013_21:41:28_20609,0.75,0.756098
Skidmore_03/02/2013_13:58:10_20714,0.875,0.792683
Skidmore_03/02/2013_14:57:11_20819,0.7,0.841463
Skidmore_03/03/2013_14:58:07_20920,0.8,0.804878
Skidmore_03/04/2013_23:13:21_21021,0.75,0.597561
Skidmore_03/06/2013_20:26:02_21124,0.875,0.743902
Skidmore_03/06/2013_21:23:32_21202,0.775,0.609756
Skidmore_06/04/2012_14:58:18_101,0.725,0.658537
Skidmore_06/04/2012_16:05:00_202,0.8,0.634146
Skidmore_06/05/2012_14:07:09_303,0.825,0.780488
Skidmore_06/05/2012_16:00:27_404,0.7,0.756098
Skidmore_06/05/2012_16:55:08_505,0.8,0.878049
Skidmore_06/06/2012_10:51:40_606,0.8,0.792683
Skidmore_06/06/2012_11:50:58_707,0.85,0.878049
Skidmore_06/06/2012_17:33:12_808,0.925,0.95122
Skidmore_06/07/2012_13:00:02_909,0.8,0.853659
Skidmore_06/08/2012_12:01:59_1010,0.775,0.853659
Skidmore_06/11/2012_11:01:03_1111,0.875,0.878049
Skidmore_06/11/2012_12:05:42_1212,0.825,0.926829
Skidmore_06/11/2012_14:25:36_1313,0.75,0.768293
Skidmore_06/12/2012_12:04:40_1414,0.725,0.878049
Skidmore_06/12/2012_13:54:49_1515,0.9,0.817073
Skidmore_06/12/2012_15:20:45_1616,0.9,0.829268
Skidmore_06/12/2012_16:54:18_1717,0.8,0.853659
Skidmore_06/13/2012_11:57:56_1818,0.8,0.878049
Skidmore_06/13/2012_14:55:49_1919,0.875,0.865854
Skidmore_06/13/2012_17:55:06_2020,0.775,0.743902
Skidmore_06/14/2012_12:30:12_2121,0.675,0.731707
Skidmore_06/14/2012_13:59:13_2222,0.725,0.731707
Skidmore_06/14/2012_16:59:34_2323,0.75,0.865854
Skidmore_06/14/2012_17:57:25_2424,0.875,0.987805
Skidmore_06/15/2012_08:51:50_2525,0.675,0.743902
Skidmore_06/15/2012_13:52:46_2626,0.825,0.768293
Skidmore_06/15/2012_14:47:32_2727,0.8,0.878049
Skidmore_06/18/2012_10:55:47_2901,0.925,0.792683
Skidmore_06/18/2012_12:00:41_3002,0.85,0.853659
Skidmore_06/18/2012_15:20:27_3103,0.6,0.609756
Skidmore_06/19/2012_13:55:16_3305,0.775,0.878049
Skidmore_06/19/2012_15:01:15_3406,0.625,0.719512
Skidmore_06/19/2012_16:33:04_3507,0.8,0.743902
Skidmore_06/20/2012_14:00:43_3709,0.725,0.865854
Skidmore_06/22/2012_13:50:46_3810,0.8,0.926829
Skidmore_06/26/2012_11:51:06_4012,0.875,0.914634
Skidmore_06/26/2012_15:57:19_4113,0.925,0.926829
Skidmore_06/27/2012_11:10:30_4214,0.825,0.914634
Skidmore_06/28/2012_17:41:34_4315,0.925,0.890244
Skidmore_07/02/2012_10:56:13_4416,0.75,0.926829
Skidmore_07/03/2012_17:12:30_4618,0.65,0.878049
Skidmore_07/03/2012_18:06:51_4719,0.75,0.585366
Skidmore_07/05/2012_16:26:39_4820,0.875,0.829268
Skidmore_07/06/2012_09:50:28_4921,0.85,0.756098
Skidmore_07/06/2012_13:05:09_5022,0.8,0.780488
Skidmore_07/06/2012_16:07:20_5123,0.9,0.707317
Skidmore_07/07/2012_11:19:03_5224,0.85,0.719512
Skidmore_07/09/2012_10:54:09_5325,0.925,0.768293
Skidmore_07/09/2012_14:19:20_5426,0.7,0.841463
Skidmore_07/10/2012_13:53:22_5628,0.6,0.682927
Skidmore_07/10/2012_14:48:33_5728,0.725,0.926829
Skidmore_07/10/2012_16:00:30_5808,0.85,0.804878
Skidmore_07/11/2012_11:22:22_5911,0.875,0.878049
Skidmore_07/11/2012_14:20:09_6004,0.625,0.731707
Skidmore_07/11/2012_17:24:34_6117,0.725,0.817073
Skidmore_07/12/2012_12:53:10_6201,0.725,0.804878
Skidmore_07/12/2012_14:32:23_6302,0.725,0.829268
Skidmore_07/12/2012_15:29:49_6403,0.85,0.829268
Skidmore_07/12/2012_16:28:14_6504,0.825,0.890244
Skidmore_07/13/2012_12:01:47_6605,0.7,0.817073
Skidmore_07/13/2012_14:55:58_6807,0.7,0.780488
Skidmore_07/14/2012_15:26:45_6908,0.65,0.865854
Skidmore_07/14/2012_16:47:55_7009,0.825,0.695122
Skidmore_07/15/2012_13:57:15_7110,0.575,0.609756
Skidmore_07/16/2012_10:59:06_7211,0.85,0.890244
Skidmore_07/16/2012_12:54:49_7312,0.725,0.768293
Skidmore_07/16/2012_14:32:46_7413,0.55,0.695122
Skidmore_07/16/2012_15:23:46_7514,0.825,0.817073
Skidmore_07/16/2012_17:53:59_7615,0.8,0.878049
Skidmore_07/17/2012_13:53:26_7716,0.65,0.743902
Skidmore_07/17/2012_15:54:13_7817,0.675,0.731707
Skidmore_07/17/2012_16:57:52_7918,0.825,0.841463
Skidmore_07/19/2012_14:53:30_8019,0.625,0.756098
Skidmore_07/20/2012_16:01:10_8221,0.675,0.878049
Skidmore_07/24/2012_11:58:56_8322,0.625,0.731707
Skidmore_07/24/2012_13:30:11_8423,0.725,0.695122
Skidmore_07/27/2012_13:11:53_8625,0.675,0.743902
Skidmore_09/25/2012_14:20:48_8726,0.875,0.804878
Skidmore_09/25/2012_15:20:52_8827,0.75,0.817073
Skidmore_09/25/2012_16:29:50_8928,0.8,0.731707
Skidmore_09/25/2012_17:31:50_9027,0.825,0.695122
Skidmore_09/26/2012_10:52:18_9106,0.8,0.609756
Skidmore_09/26/2012_14:55:49_9201,0.525,0.707317
Skidmore_09/26/2012_15:51:33_9302,0.825,0.792683
Skidmore_09/26/2012_17:03:47_9403,0.675,0.804878
Skidmore_09/26/2012_18:19:13_9504,0.825,0.792683
Skidmore_09/26/2012_19:56:29_9605,0.625,0.646341
Skidmore_09/26/2012_21:01:17_9706,0.7,0.792683
Skidmore_09/27/2012_20:07:15_9807,0.8,0.646341
Skidmore_09/27/2012_21:23:22_9908,0.75,0.731707
Skidmore_09/28/2012_13:31:17_10009,0.75,0.792683
Skidmore_09/28/2012_15:21:41_10110,0.75,0.682927
Skidmore_09/28/2012_17:28:07_10211,0.9,0.792683
Skidmore_09/29/2012_10:54:00_10312,0.875,0.841463
Skidmore_09/29/2012_16:53:13_10413,0.75,0.707317
Skidmore_09/29/2012_17:50:01_10514,0.625,0.841463
Skidmore_09/30/2012_14:58:08_10615,0.65,0.756098
Skidmore_09/30/2012_15:54:03_10716,0.8,0.878049
Skidmore_10/01/2012_13:22:19_10817,0.7,0.658537
Skidmore_10/01/2012_14:19:31_10918,0.6,0.792683
Skidmore_10/01/2012_15:21:18_11019,0.775,0.841463
Skidmore_10/01/2012_16:54:55_11120,0.75,0.792683
Skidmore_10/02/2012_15:24:59_11221,0.725,0.743902
Skidmore_10/02/2012_16:22:46_11322,0.85,0.768293
Skidmore_10/02/2012_17:21:17_11423,0.675,0.829268
Skidmore_10/02/2012_18:39:10_11524,0.7,0.768293
Skidmore_10/03/2012_10:53:38_11625,0.775,0.804878
Skidmore_10/03/2012_14:59:47_11726,0.775,0.780488
Skidmore_10/03/2012_15:54:18_11827,0.7,0.890244
Skidmore_10/03/2012_19:47:15_11928,0.575,0.658537
Skidmore_10/03/2012_20:54:14_12001,0.775,0.817073
Skidmore_10/04/2012_13:52:31_12203,0.775,0.731707
Skidmore_10/04/2012_19:01:13_12304,0.725,0.731707
Skidmore_10/05/2012_11:18:09_12405,0.725,0.768293
Skidmore_10/05/2012_13:27:11_12506,0.725,0.792683
Skidmore_10/05/2012_14:24:45_12607,0.725,0.804878
Skidmore_10/05/2012_15:18:37_12809,0.65,0.621951
Skidmore_10/08/2012_16:50:14_12910,0.675,0.768293
Skidmore_10/08/2012_17:54:50_13011,0.9,0.768293
Skidmore_10/09/2012_14:26:59_13112,0.775,0.658537
Skidmore_10/09/2012_15:33:10_13213,0.7,0.878049
Skidmore_10/09/2012_16:31:00_13314,0.95,0.695122
Skidmore_10/09/2012_17:31:45_13415,0.7,0.756098
Skidmore_10/10/2012_14:51:34_13516,0.725,0.756098
Skidmore_10/10/2012_15:51:00_13617,0.85,0.743902
Skidmore_10/10/2012_16:46:17_13718,0.85,0.743902
Skidmore_10/10/2012_21:00:39_13819,0.575,0.560976
Skidmore_10/11/2012_17:55:27_13920,0.8,0.841463
Skidmore_10/11/2012_19:48:53_14021,0.725,0.878049
Skidmore_10/13/2012_11:40:51_14122,0.775,0.804878
Skidmore_10/13/2012_12:34:09_14223,0.7,0.780488
Skidmore_10/14/2012_19:48:10_14324,0.8,0.865854
Skidmore_10/15/2012_10:54:29_14425,0.7,0.768293
Skidmore_10/16/2012_12:48:33_14526,0.725,0.853659
Skidmore_10/16/2012_13:43:27_14627,0.825,0.841463
Skidmore_10/16/2012_15:21:40_14728,0.775,0.707317
Skidmore_10/16/2012_16:25:03_14801,0.65,0.695122
Skidmore_10/17/2012_19:59:10_14802,0.925,0.841463
Skidmore_10/18/2012_12:46:29_15003,0.825,0.768293
Skidmore_10/18/2012_14:01:19_15104,0.775,0.743902
Skidmore_10/18/2012_17:53:11_15205,0.775,0.597561
Skidmore_10/18/2012_20:00:05_15306,0.725,0.780488
Skidmore_10/19/2012_10:57:05_15407,0.85,0.817073
Skidmore_10/19/2012_13:24:00_15508,0.65,0.621951
Skidmore_10/19/2012_15:22:55_15710,0.825,0.585366
Skidmore_10/21/2012_16:51:16_15811,0.775,0.768293
Skidmore_10/22/2012_15:19:06_15912,0.65,0.695122
Skidmore_10/23/2012_14:25:44_16013,0.85,0.743902
Skidmore_10/23/2012_15:20:42_16114,0.775,0.829268
Skidmore_10/23/2012_16:25:01_16215,0.575,0.646341
Skidmore_10/24/2012_14:56:47_16316,0.775,0.817073
Skidmore_10/24/2012_16:55:21_16417,0.8,0.878049
Skidmore_10/24/2012_18:32:41_16518,0.9,0.853659
Skidmore_10/30/2012_17:20:57_16720,0.775,0.841463
Skidmore_10/31/2012_16:48:07_16821,0.9,0.829268
Skidmore_11/01/2012_13:05:18_16922,0.725,0.609756
Skidmore_11/01/2012_13:58:17_17023,0.875,0.890244
Skidmore_11/01/2012_17:55:42_17124,0.875,0.817073
Skidmore_11/01/2012_18:50:07_17225,0.75,0.743902
Skidmore_11/01/2012_19:56:21_17326,0.7,0.670732
Skidmore_11/02/2012_10:58:54_17427,0.7,0.621951
Skidmore_11/02/2012_13:22:05_17528,0.675,0.695122
Skidmore_11/04/2012_18:48:50_17601,0.875,0.853659
Skidmore_11/04/2012_20:07:02_17702,0.775,0.768293
Skidmore_11/05/2012_15:51:19_17803,0.65,0.719512
Skidmore_11/05/2012_16:53:21_17904,0.675,0.768293
Skidmore_11/06/2012_14:21:25_18005,0.925,0.829268
Skidmore_11/06/2012_15:24:14_18106,0.775,0.707317
Skidmore_11/06/2012_16:25:56_18207,0.8,0.865854
Skidmore_11/07/2012_19:54:38_18308,0.725,0.841463
Skidmore_11/11/2012_18:59:58_18409,0.85,0.573171
Skidmore_11/11/2012_19:54:44_18510,0.575,0.512195
Skidmore_11/13/2012_15:21:04_18611,0.65,0.670732
Skidmore_11/13/2012_16:30:23_18712,0.775,0.731707
Skidmore_11/13/2012_17:40:11_18813,0.85,0.780488
Skidmore_11/14/2012_16:52:08_19015,0.8,0.695122
Skidmore_11/14/2012_18:38:18_19116,0.6,0.780488
Skidmore_11/14/2012_19:49:38_19217,0.75,0.768293
Skidmore_11/14/2012_20:59:06_18409,0.725,0.670732
Skidmore_11/15/2012_17:45:02_19318,0.75,0.670732
Skidmore_11/15/2012_19:56:45_19419,0.7,0.621951
Skidmore_11/16/2012_11:07:19_19520,0.775,0.682927
Skidmore_11/18/2012_18:28:07_19722,0.8,0.878049
Skidmore_11/28/2012_18:25:03_19823,0.75,0.743902
Skidmore_11/28/2012_19:51:40_19924,0.825,0.890244
Skidmore_11/29/2012_13:55:56_20025,0.825,0.914634
Skidmore_11/29/2012_19:10:56_20126,0.625,0.743902
Skidmore_11/29/2012_20:06:24_20227,0.4,0.634146
Skidmore_12/02/2012_19:58:50_20328,0.7,0.719512
UWO_01/08/2013_12:48:37_16,0.675,0.792683
UWO_01/10/2013_11:50:51_17,0.6,0.731707
UWO_01/10/2013_13:43:31_18,0.825,0.890244
UWO_01/11/2013_17:29:16_19,0.775,0.780488
UWO_01/14/2013_12:25:58_20,0.8,0.853659
UWO_01/14/2013_15:54:06_21,0.8,0.902439
UWO_01/18/2013_13:24:34_22,0.65,0.731707
UWO_01/23/2013_11:57:06_23,0.675,0.719512
UWO_01/30/2013_11:07:37_24,0.65,0.841463
UWO_01/30/2013_11:58:02_25,0.675,0.731707
UWO_02/06/2013_18:18:06_26,0.8,0.804878
UWO_03/20/2013_18:23:28_27,0.75,0.695122
UWO_03/20/2013_20:20:50_28,0.525,0.768293
UWO_04/06/2013_11:55:14_2,0.85,0.804878
UWO_04/06/2013_13:55:00_9,0.8,0.670732
UWO_04/07/2013_13:49:33_27,0.625,0.585366
UWO_04/18/2013_16:52:20_27,0.7,0.890244
UWO_04/25/2012_17:23:48_1,0.5,0.585366
UWO_04/26/2012_13:45:11_2,0.35,0.487805
UWO_04/27/2012_13:17:40_3,0.65,0.743902
UWO_04/27/2012_15:26:35_4,0.775,0.743902
UWO_04/30/2012_12:47:53_5,0.675,0.768293
UWO_04/30/2012_13:52:51_6,0.7,0.560976
UWO_04/30/2012_14:42:46_7,0.8,0.865854
UWO_04/30/2012_16:58:00_8,0.625,0.682927
UWO_09/27/2012_15:52:35_9,0.325,0.54878
UWO_09/27/2012_16:39:11_10,0.7,0.646341
UWO_09/28/2012_09:56:07_11,0.65,0.719512
UWO_09/28/2012_11:48:24_12,0.525,0.621951
UWO_09/28/2012_12:43:52_13,0.75,0.792683
UWO_09/28/2012_13:43:23_14,0.5,0.670732
UWO_09/28/2012_14:58:09_15,0.675,0.560976
UWO_09/28/2012_15:55:45_16,0.575,0.731707
UWO_09/28/2012_16:38:39_17,0.775,0.890244
UWO_09/30/2012_11:20:19_18,0.725,0.829268
UWO_09/30/2012_13:33:57_19,0.725,0.878049
UWO_09/30/2012_14:25:38_20,0.65,0.731707
UWO_09/30/2012_15:12:52_21,0.75,0.792683
UWO_09/30/2012_16:05:24_22,0.525,0.707317
UWO_10/02/2012_09:57:08_23,0.825,0.804878
UWO_10/02/2012_10:45:39_24,0.65,0.719512
UWO_10/02/2012_11:49:25_25,0.65,0.878049
UWO_10/02/2012_12:35:54_26,0.625,0.695122
UWO_10/02/2012_15:02:14_27,0.675,0.560976
UWO_10/02/2012_15:48:14_28,0.725,0.743902
UWO_10/11/2012_11:39:40_1,0.8,0.743902
UWO_10/11/2012_13:32:24_2,0.75,0.756098
UWO_10/12/2012_10:24:34_3,0.7,0.841463
UWO_10/12/2012_11:04:56_4,0.7,0.731707
UWO_10/12/2012_14:15:24_5,0.625,0.634146
UWO_10/18/2012_11:43:13_6,0.75,0.804878
UWO_10/26/2012_12:26:11_999,0.925,0.926829
UWO_11/02/2012_11:12:31_8,0.7,0.634146
UWO_11/02/2012_12:18:16_9,0.75,0.768293
UWO_11/09/2012_11:07:21_10,0.7,0.743902
UWO_11/09/2012_12:19:12_11,0.525,0.756098
UWO_11/19/2012_14:12:23_12,0.75,0.780488
UWO_11/20/2012_12:10:28_13,0.725,0.743902
UWO_11/22/2012_11:55:01_14,0.575,0.634146
UWO_11/22/2012_12:44:04_15,0.8,0.914634
WUSTL_04/17/2012_16:56:47_~,0.775,0.939024
WUSTL_04/17/2012_16:57:42_~,0.7,0.817073
WUSTL_04/17/2012_16:58:05_~,0.8,0.792683
WUSTL_04/19/2012_16:48:07_4,0.8,0.914634
WUSTL_04/19/2012_16:49:21_5,0.75,0.731707
WUSTL_04/19/2012_18:02:20_6,0.825,0.682927
WUSTL_04/23/2012_16:51:38_7,0.825,0.926829
WUSTL_04/24/2012_17:55:39_8,0.675,0.768293
WUSTL_04/24/2012_17:56:07_10,0.825,0.914634
WUSTL_04/24/2012_17:56:58_9,0.775,0.926829
WUSTL_04/26/2012_18:24:51_16,0.9,0.634146
WUSTL_04/26/2012_18:26:01_15,0.725,0.756098
WUSTL_04/26/2012_18:31:59_17,0.825,0.829268
WUSTL_04/26/2012_18:39:35_23,0.925,0.853659
WUSTL_04/27/2012_13:52:30_12,0.625,0.804878
WUSTL_04/27/2012_13:53:59_11,0.725,0.865854
WUSTL_04/27/2012_13:54:10_13,0.675,0.695122
WUSTL_04/27/2012_14:01:12_20,0.85,0.756098
WUSTL_04/27/2012_14:05:48_19,0.8,0.829268
WUSTL_04/27/2012_14:08:08_24,0.825,0.914634
WUSTL_04/27/2012_15:06:02_14,0.8,0.926829
WUSTL_04/27/2012_15:08:03_22,0.9,0.926829
WUSTL_05/23/2012_15:03:39_25,0.55,0.682927
WUSTL_05/23/2012_15:04:29_26,0.8,0.646341
WUSTL_05/29/2012_11:50:32_21,0.9,0.804878
WUSTL_09/21/2012_10:21:38_28,0.85,0.768293
WUSTL_09/21/2012_10:23:04_18,0.95,0.780488
WUSTL_10/16/2012_09:52:38_1,0.9,0.890244
WUSTL_10/16/2012_10:53:41_2,0.725,0.756098
WUSTL_10/16/2012_11:02:10_3,0.775,0.865854
WUSTL_10/18/2012_10:50:40_4,0.875,0.780488
WUSTL_10/24/2012_13:53:20_6,0.95,0.902439
WUSTL_10/24/2012_13:54:42_5,0.875,0.768293
WUSTL_10/24/2012_13:55:27_7,0.85,0.853659
WUSTL_10/24/2012_14:51:04_8,0.85,0.743902
WUSTL_10/24/2012_14:54:19_9,0.775,0.743902
WUSTL_10/24/2012_14:57:58_10,0.925,0.780488
WUSTL_10/24/2012_15:50:06_14,0.8,0.780488
WUSTL_10/24/2012_15:53:17_12,0.75,0.878049
WUSTL_10/24/2012_15:54:45_15,0.875,0.780488
WUSTL_10/24/2012_15:56:11_13,0.8,0.804878
WUSTL_10/24/2012_15:58:06_11,0.925,0.95122
WUSTL_10/26/2012_13:44:25_16,0.9,0.804878
WUSTL_10/26/2012_13:47:01_17,0.875,0.890244
WUSTL_10/26/2012_13:50:09_18,0.85,0.939024
WUSTL_10/26/2012_13:59:29_19,0.8,0.853659
WUSTL_10/26/2012_14:50:40_20,0.725,0.817073
WUSTL_10/26/2012_14:53:22_21,0.9,0.853659
WUSTL_10/26/2012_15:09:39_22,0.875,0.719512
WUSTL_10/26/2012_15:10:00_23,0.9,0.792683
WUSTL_10/26/2012_15:58:52_24,0.8,0.780488
WUSTL_10/29/2012_08:53:15_25,0.8,0.829268
WUSTL_10/29/2012_08:55:46_26,0.875,0.743902
WUSTL_10/31/2012_14:34:33_27,0.55,0.670732
WUSTL_10/31/2012_14:52:46_28,0.875,0.817073
WUSTL_11/02/2012_13:53:53_27,0.925,0.865854
Warwick_02/09/2012_14:58:20_1,0.675,0.804878
Warwick_02/12/2013_16:54:31_123,0.55,0.573171
Warwick_02/12/2013_17:02:19_124,0.825,0.756098
Warwick_02/13/2012_17:04:11_2,0.675,0.780488
Warwick_02/14/2012_15:07:32_03,0.725,0.878049
Warwick_02/14/2012_16:55:57_04,0.6,0.804878
Warwick_02/15/2012_14:08:57_5,0.775,0.865854
Warwick_02/15/2012_15:12:56_6,0.8,0.804878
Warwick_02/15/2012_16:13:18_7,0.55,0.52439
Warwick_02/15/2012_17:09:43_8,0.725,0.792683
Warwick_02/15/2013_14:57:09_125,0.7,0.707317
Warwick_02/15/2013_15:03:59_126,0.65,0.804878
Warwick_02/16/2012_17:04:37_9,0.725,0.719512
Warwick_02/16/2012_18:01:02_10,0.725,0.853659
Warwick_02/18/2013_13:53:50_122,0.525,0.756098
Warwick_02/20/2012_15:56:26_~,0.75,0.634146
Warwick_02/20/2012_16:58:55_~,0.55,0.512195
Warwick_02/20/2012_17:51:19_~,0.8,0.914634
Warwick_02/22/2012_13:54:39_14,0.725,0.817073
Warwick_02/22/2012_14:54:37_15,0.65,0.878049
Warwick_02/22/2012_15:57:48_16,0.75,0.829268
Warwick_02/23/2012_11:01:01_17,0.725,0.731707
Warwick_02/23/2012_12:50:25_18,0.55,0.609756
Warwick_02/24/2012_12:58:23_19,0.65,0.695122
Warwick_02/24/2012_15:02:44_20,0.75,0.707317
Warwick_02/24/2012_16:00:10_21,0.6,0.792683
Warwick_02/27/2012_15:49:57_22,0.7,0.670732
Warwick_02/27/2012_16:06:13_23,0.675,0.682927
Warwick_02/28/2012_14:50:27_~,0.725,0.841463
Warwick_02/28/2012_14:52:48_~,0.65,0.841463
Warwick_02/29/2012_11:59:22_26,0.625,0.865854
Warwick_02/29/2012_12:00:19_27,0.675,0.634146
Warwick_02/29/2012_12:56:25_29,0.75,0.768293
Warwick_02/29/2012_13:02:54_28,0.65,0.707317
Warwick_02/29/2012_14:01:20_30,0.65,0.597561
Warwick_02/29/2012_14:03:20_31,0.85,0.804878
Warwick_02/29/2012_14:51:44_32,0.825,0.926829
Warwick_02/29/2012_14:58:07_33,0.775,0.853659
Warwick_02/29/2012_16:00:14_34,0.65,0.573171
Warwick_02/29/2012_16:05:15_35,0.675,0.658537
Warwick_02/29/2012_17:09:05_37,0.775,0.756098
Warwick_02/29/2012_17:09:20_36,0.75,0.853659
Warwick_03/01/2012_11:02:07_38,0.7,0.621951
Warwick_03/01/2012_11:02:41_39,0.7,0.780488
Warwick_03/01/2012_11:55:11_41,0.7,0.768293
Warwick_03/01/2012_12:52:28_40,0.75,0.670732
Warwick_03/01/2012_13:02:48_42,0.75,0.719512
Warwick_03/01/2012_13:54:38_44,0.725,0.97561
Warwick_03/01/2012_13:58:31_43,0.775,0.804878
Warwick_03/02/2012_14:01:43_47,0.625,0.792683
Warwick_03/02/2012_14:55:37_49,0.675,0.865854
Warwick_03/02/2012_14:58:04_50,0.65,0.743902
Warwick_03/05/2012_14:48:36_51,0.7,0.841463
Warwick_03/05/2012_15:02:20_52,0.825,0.658537
Warwick_03/05/2012_17:58:03_54,0.875,0.865854
Warwick_03/07/2012_10:54:55_56,0.825,0.865854
Warwick_03/07/2012_11:02:34_57,0.6,0.573171
Warwick_03/07/2012_11:44:33_58,0.8,0.634146
Warwick_03/07/2012_12:03:26_59,0.725,0.707317
Warwick_03/07/2012_13:00:58_60,0.675,0.780488
Warwick_03/07/2012_15:52:47_61,0.775,0.792683
Warwick_03/07/2012_15:58:10_62,0.8,0.865854
Warwick_03/07/2012_16:50:40_64,0.8,0.707317
Warwick_03/07/2012_17:50:41_65,0.575,0.817073
Warwick_03/07/2012_17:59:44_66,0.775,0.865854
Warwick_03/14/2012_14:53:24_67,0.7,0.792683
Warwick_03/14/2012_15:52:54_68,0.625,0.804878
Warwick_03/14/2012_16:50:57_69,0.95,0.939024
Warwick_11/19/2012_10:00:48_~,0.8,0.878049
Warwick_11/19/2012_10:52:01_~,0.625,0.829268
Warwick_11/19/2012_11:00:20_~,0.85,0.658537
Warwick_11/20/2012_14:58:20_75,0.825,0.780488
Warwick_11/20/2012_14:58:41_74,0.825,0.853659
Warwick_11/20/2012_15:59:21_76,0.725,0.743902
Warwick_11/20/2012_16:58:17_77,0.85,0.780488
Warwick_11/21/2012_14:08:48_78,0.675,0.695122
Warwick_11/21/2012_14:10:20_79,0.575,0.780488
Warwick_11/21/2012_15:08:39_80,0.825,0.865854
Warwick_11/21/2012_15:23:39_81,0.7,0.853659
Warwick_11/21/2012_16:08:27_82,0.75,0.890244
Warwick_11/21/2012_17:01:34_83,0.8,0.780488
Warwick_11/21/2012_17:05:23_84,0.55,0.792683
Warwick_11/22/2012_13:18:47_85,0.575,0.585366
Warwick_11/23/2012_09:47:36_86,0.65,0.841463
Warwick_11/23/2012_09:58:48_87,0.725,0.780488
Warwick_11/23/2012_11:07:23_881,0.675,0.756098
Warwick_11/23/2012_11:08:47_89,0.725,0.780488
Warwick_11/27/2012_15:11:27_90,0.75,0.780488
Warwick_11/27/2012_16:03:03_91,0.775,0.817073
Warwick_11/27/2012_16:03:09_92,0.625,0.743902
Warwick_11/27/2012_16:51:00_94,0.775,0.829268
Warwick_11/27/2012_16:58:49_93,0.65,0.695122
Warwick_11/28/2012_14:15:09_96,0.825,0.914634
Warwick_11/28/2012_14:18:23_95,0.725,0.853659
Warwick_11/28/2012_15:11:33_98,0.75,0.804878
Warwick_11/28/2012_15:20:16_97,0.7,0.780488
Warwick_11/28/2012_16:12:31_99,0.725,0.890244
Warwick_11/28/2012_16:19:18_100,0.775,0.817073
Warwick_11/28/2012_17:13:06_101,0.675,0.682927
Warwick_11/29/2012_13:00:20_103,0.775,0.792683
Warwick_11/29/2012_13:57:52_102,0.65,0.804878
Warwick_11/30/2012_10:16:45_104,0.675,0.682927
Warwick_11/30/2012_11:11:30_105,0.7,0.804878
Warwick_11/30/2012_11:12:05_106,0.775,0.780488
Warwick_12/03/2012_10:05:54_107,0.725,0.756098
Warwick_12/03/2012_10:58:03_108,0.65,0.817073
Warwick_12/04/2012_15:09:10_109,0.725,0.914634
Warwick_12/04/2012_16:03:52_110,0.6,0.829268
Warwick_12/04/2012_16:06:39_111,0.75,0.731707
Warwick_12/04/2012_17:02:09_112,0.775,0.804878
Warwick_12/05/2012_14:12:04_113,0.575,0.646341
Warwick_12/05/2012_14:18:28_114,0.625,0.695122
Warwick_12/05/2012_15:07:22_115,0.675,0.780488
Warwick_12/05/2012_16:01:15_116,0.8,0.817073
Warwick_12/05/2012_17:01:16_117,0.75,0.768293
Warwick_12/06/2012_13:28:36_120,0.7,0.841463
Warwick_12/06/2012_13:31:39_118,0.675,0.768293
Warwick_12/07/2012_14:02:13_121,0.525,0.792683
Warwick_12/07/2012_14:05:15_120,0.8,0.731707
